[{"isbn": "9780194241762", "title": "Jane Eyre", "author": "Charlotte Bront\u00eb", "date": "1847-09-16"}, {"isbn": "9780184241762", "title": "Biggest Cave", "author": "Charlotte Biratta", "date": "1850-09-09"}, {"isbn": "978019424173", "title": "Jane Eyre", "author": "Charlotte Bront\u00eb", "date": "1847-09-16"}, {"isbn": "97801942417456", "title": "Lola Kayidou", "author": "Biscotte Barcha", "date": "1847-09-16"}, {"isbn": "978014541762", "title": "Bakitou Lami", "author": "John Doe", "date": "1847-09-16"}]